,states_links
0,https://www.homelessshelterdirectory.org/washington.html
1,https://www.homelessshelterdirectory.org/montana.html
2,https://www.homelessshelterdirectory.org/northdakota.html
3,https://www.homelessshelterdirectory.org/nebraska.html
4,https://www.homelessshelterdirectory.org/idaho.html
5,https://www.homelessshelterdirectory.org/california.html
6,https://www.homelessshelterdirectory.org/oregon.html
7,https://www.homelessshelterdirectory.org/nevada.html
8,https://www.homelessshelterdirectory.org/arizona.html
9,https://www.homelessshelterdirectory.org/utah.html
10,https://www.homelessshelterdirectory.org/wyoming.html
11,https://www.homelessshelterdirectory.org/colorado.html
12,https://www.homelessshelterdirectory.org/newmexico.html
13,https://www.homelessshelterdirectory.org/texas.html
14,https://www.homelessshelterdirectory.org/kansas.html
15,https://www.homelessshelterdirectory.org/southdakota.html
16,https://www.homelessshelterdirectory.org/minnesota.html
17,https://www.homelessshelterdirectory.org/iowa.html
18,https://www.homelessshelterdirectory.org/oklahoma.html
19,https://www.homelessshelterdirectory.org/louisiana.html
20,https://www.homelessshelterdirectory.org/arkansas.html
21,https://www.homelessshelterdirectory.org/florida.html
22,https://www.homelessshelterdirectory.org/mississippi.html
23,https://www.homelessshelterdirectory.org/alabama.html
24,https://www.homelessshelterdirectory.org/tennessee.html
25,https://www.homelessshelterdirectory.org/maine.html
26,https://www.homelessshelterdirectory.org/newyork.html
27,https://www.homelessshelterdirectory.org/indiana.html
28,https://www.homelessshelterdirectory.org/ohio.html
29,https://www.homelessshelterdirectory.org/michigan.html
30,https://www.homelessshelterdirectory.org/georgia.html
31,https://www.homelessshelterdirectory.org/missouri.html
32,https://www.homelessshelterdirectory.org/northcarolina.html
33,https://www.homelessshelterdirectory.org/kentucky.html
34,https://www.homelessshelterdirectory.org/southcarolina.html
35,https://www.homelessshelterdirectory.org/virginia.html
36,https://www.homelessshelterdirectory.org/westvirginia.html
37,https://www.homelessshelterdirectory.org/pennsylvania.html
38,https://www.homelessshelterdirectory.org/illinois.html
39,https://www.homelessshelterdirectory.org/wisconsin.html
40,https://www.homelessshelterdirectory.org/maryland.html
41,https://www.homelessshelterdirectory.org/delaware.html
42,https://www.homelessshelterdirectory.org/newjersey.html
43,https://www.homelessshelterdirectory.org/massachusetts.html
44,https://www.homelessshelterdirectory.org/connecticut.html
45,https://www.homelessshelterdirectory.org/rhodeisland.html
46,https://www.homelessshelterdirectory.org/newhampshire.html
47,https://www.homelessshelterdirectory.org/vermont.html
48,https://www.homelessshelterdirectory.org/alaska.html
49,https://www.homelessshelterdirectory.org/hawaii.html
